"Index Name","Date","Open","High","Low","Close"
"NIFTY 50","31 Dec 1998","900.55","902.90","884.25","884.25"
"NIFTY 50","30 Dec 1998","887.40","903.85","887.00","899.95"
"NIFTY 50","29 Dec 1998","876.90","881.25","867.80","872.65"
"NIFTY 50","28 Dec 1998","869.75","882.70","866.25","879.85"
"NIFTY 50","24 Dec 1998","856.30","863.50","854.75","861.10"
"NIFTY 50","23 Dec 1998","866.25","874.65","858.70","858.70"
"NIFTY 50","22 Dec 1998","864.55","864.90","851.35","857.30"
"NIFTY 50","21 Dec 1998","845.60","859.55","845.25","859.30"
"NIFTY 50","18 Dec 1998","830.30","838.80","827.30","835.20"
"NIFTY 50","17 Dec 1998","835.45","845.10","827.90","830.25"
"NIFTY 50","16 Dec 1998","844.65","851.55","836.85","851.55"
"NIFTY 50","15 Dec 1998","861.00","861.10","844.55","845.05"
"NIFTY 50","14 Dec 1998","871.65","874.75","861.95","863.60"
"NIFTY 50","11 Dec 1998","867.15","874.20","865.70","870.00"
"NIFTY 50","10 Dec 1998","858.60","865.80","858.50","864.40"
"NIFTY 50","09 Dec 1998","855.95","864.70","855.10","856.55"
"NIFTY 50","08 Dec 1998","844.95","853.85","840.50","853.00"
"NIFTY 50","07 Dec 1998","829.75","846.00","828.20","845.15"
"NIFTY 50","04 Dec 1998","816.15","828.35","813.10","828.35"
"NIFTY 50","03 Dec 1998","821.30","822.50","814.50","817.05"
"NIFTY 50","02 Dec 1998","820.35","826.05","817.35","821.15"
"NIFTY 50","01 Dec 1998","816.55","820.85","812.25","816.65"
"NIFTY 50","30 Nov 1998","808.60","817.75","800.10","817.75"
"NIFTY 50","28 Nov 1998","812.70","817.40","804.30","810.85"
"NIFTY 50","27 Nov 1998","823.30","824.65","810.30","812.45"
"NIFTY 50","26 Nov 1998","838.85","843.55","821.40","824.45"
"NIFTY 50","24 Nov 1998","850.05","851.55","840.75","841.75"
"NIFTY 50","23 Nov 1998","856.40","856.40","844.85","847.55"
"NIFTY 50","21 Nov 1998","857.85","857.95","853.95","857.40"
"NIFTY 50","20 Nov 1998","865.10","867.70","855.35","857.95"
"NIFTY 50","19 Nov 1998","875.75","878.85","864.30","865.10"
"NIFTY 50","18 Nov 1998","862.90","876.15","862.90","875.05"
"NIFTY 50","17 Nov 1998","855.45","861.65","854.55","860.00"
"NIFTY 50","16 Nov 1998","866.50","866.50","854.30","855.35"
"NIFTY 50","13 Nov 1998","871.70","877.25","865.00","867.25"
"NIFTY 50","12 Nov 1998","868.45","874.20","857.20","871.75"
"NIFTY 50","11 Nov 1998","869.45","882.10","866.60","868.85"
"NIFTY 50","10 Nov 1998","864.80","871.60","859.70","868.70"
"NIFTY 50","09 Nov 1998","841.30","870.50","841.30","864.65"
"NIFTY 50","06 Nov 1998","829.20","842.15","829.20","840.80"
"NIFTY 50","05 Nov 1998","821.35","830.40","821.35","829.15"
"NIFTY 50","03 Nov 1998","823.20","825.30","818.60","820.90"
"NIFTY 50","02 Nov 1998","824.20","829.10","812.30","823.20"
"NIFTY 50","31 Oct 1998","828.25","828.25","819.85","824.00"
"NIFTY 50","30 Oct 1998","832.65","839.20","826.85","828.85"
"NIFTY 50","29 Oct 1998","833.55","834.00","818.95","832.25"
"NIFTY 50","28 Oct 1998","842.80","857.75","831.55","833.85"
"NIFTY 50","27 Oct 1998","845.45","848.25","835.70","841.60"
"NIFTY 50","26 Oct 1998","817.60","854.10","817.60","845.25"
"NIFTY 50","23 Oct 1998","811.85","820.35","804.70","817.35"
"NIFTY 50","22 Oct 1998","809.30","825.20","805.70","811.60"
"NIFTY 50","20 Oct 1998","831.15","831.45","803.30","808.70"
"NIFTY 50","19 Oct 1998","839.70","840.00","830.10","831.25"
"NIFTY 50","16 Oct 1998","836.25","844.70","829.25","839.50"
"NIFTY 50","15 Oct 1998","843.65","845.90","832.10","835.65"
"NIFTY 50","14 Oct 1998","816.55","846.75","816.55","843.55"
"NIFTY 50","13 Oct 1998","835.45","835.75","810.00","816.75"
"NIFTY 50","12 Oct 1998","849.70","860.90","832.10","835.80"
"NIFTY 50","09 Oct 1998","847.95","861.55","842.10","849.10"
"NIFTY 50","08 Oct 1998","874.65","885.25","845.10","847.95"
"NIFTY 50","07 Oct 1998","846.15","875.75","846.05","874.25"
"NIFTY 50","06 Oct 1998","839.95","848.20","820.10","845.75"
"NIFTY 50","05 Oct 1998","904.75","904.75","839.30","840.75"
"NIFTY 50","30 Sep 1998","908.30","912.25","896.05","904.95"
"NIFTY 50","29 Sep 1998","928.30","932.50","902.40","908.40"
"NIFTY 50","28 Sep 1998","935.60","941.45","926.00","927.90"
"NIFTY 50","25 Sep 1998","935.30","945.25","933.00","934.95"
"NIFTY 50","24 Sep 1998","908.20","936.50","908.20","934.80"
"NIFTY 50","23 Sep 1998","897.90","910.75","897.90","907.75"
"NIFTY 50","22 Sep 1998","897.85","900.80","891.40","897.25"
"NIFTY 50","21 Sep 1998","902.10","908.05","895.85","897.70"
"NIFTY 50","18 Sep 1998","910.00","910.00","899.95","901.65"
"NIFTY 50","17 Sep 1998","914.45","919.95","908.55","910.10"
"NIFTY 50","16 Sep 1998","921.40","926.55","912.60","914.50"
"NIFTY 50","15 Sep 1998","920.10","923.20","915.60","920.80"
"NIFTY 50","14 Sep 1998","900.20","921.65","900.20","920.50"
"NIFTY 50","11 Sep 1998","907.10","907.10","893.30","899.70"
"NIFTY 50","10 Sep 1998","903.15","913.20","897.35","907.40"
"NIFTY 50","09 Sep 1998","900.20","916.80","900.20","903.60"
"NIFTY 50","08 Sep 1998","887.25","902.05","882.60","899.95"
"NIFTY 50","07 Sep 1998","866.90","889.45","866.90","887.10"
"NIFTY 50","04 Sep 1998","846.90","868.05","846.90","866.50"
"NIFTY 50","03 Sep 1998","842.30","852.05","838.75","846.45"
"NIFTY 50","02 Sep 1998","834.55","847.95","834.55","842.50"
"NIFTY 50","01 Sep 1998","852.75","852.75","832.05","834.55"
"NIFTY 50","31 Aug 1998","850.30","858.60","841.10","852.80"
"NIFTY 50","28 Aug 1998","877.15","877.15","847.15","849.80"
"NIFTY 50","27 Aug 1998","872.15","889.70","872.15","877.45"
"NIFTY 50","25 Aug 1998","859.85","874.15","859.85","871.90"
"NIFTY 50","24 Aug 1998","855.20","860.95","845.35","859.80"
"NIFTY 50","21 Aug 1998","868.55","871.15","853.40","855.45"
"NIFTY 50","20 Aug 1998","839.30","871.15","839.30","868.70"
"NIFTY 50","19 Aug 1998","832.85","853.90","830.15","838.30"
"NIFTY 50","18 Aug 1998","854.55","854.80","831.10","832.45"
"NIFTY 50","17 Aug 1998","864.35","873.20","853.05","854.55"
"NIFTY 50","14 Aug 1998","872.85","876.80","863.55","864.10"
"NIFTY 50","13 Aug 1998","859.80","878.40","854.50","872.25"
"NIFTY 50","12 Aug 1998","866.35","871.40","853.10","860.10"
"NIFTY 50","11 Aug 1998","878.70","878.70","863.65","866.50"
"NIFTY 50","10 Aug 1998","895.15","895.15","877.55","878.75"
"NIFTY 50","07 Aug 1998","902.75","903.55","892.90","895.55"
"NIFTY 50","06 Aug 1998","907.90","919.00","900.20","902.75"
"NIFTY 50","05 Aug 1998","905.65","911.80","890.95","907.45"
"NIFTY 50","04 Aug 1998","905.65","913.45","903.15","906.20"
"NIFTY 50","03 Aug 1998","930.80","930.80","903.50","906.00"
"NIFTY 50","31 Jul 1998","932.60","939.60","925.25","931.40"
"NIFTY 50","30 Jul 1998","938.15","949.85","926.80","932.60"
"NIFTY 50","29 Jul 1998","917.40","940.15","917.40","937.85"
"NIFTY 50","28 Jul 1998","899.10","920.00","897.65","917.25"
"NIFTY 50","27 Jul 1998","919.40","929.45","895.85","899.35"
"NIFTY 50","24 Jul 1998","933.50","934.75","915.50","920.10"
"NIFTY 50","23 Jul 1998","965.35","965.35","931.75","934.40"
"NIFTY 50","22 Jul 1998","965.55","976.50","959.50","965.70"
"NIFTY 50","21 Jul 1998","977.65","983.40","960.85","965.50"
"NIFTY 50","20 Jul 1998","1001.90","1002.40","973.75","977.30"
"NIFTY 50","17 Jul 1998","1005.10","1015.55","996.60","1000.95"
"NIFTY 50","16 Jul 1998","972.00","1005.90","969.55","1004.05"
"NIFTY 50","15 Jul 1998","968.05","988.55","968.05","971.40"
"NIFTY 50","14 Jul 1998","964.10","970.30","954.50","967.35"
"NIFTY 50","13 Jul 1998","980.30","991.70","959.40","964.35"
"NIFTY 50","10 Jul 1998","961.65","982.20","961.65","980.15"
"NIFTY 50","09 Jul 1998","944.10","966.10","944.10","961.05"
"NIFTY 50","08 Jul 1998","925.15","948.30","924.95","944.15"
"NIFTY 50","07 Jul 1998","917.45","936.00","917.45","924.70"
"NIFTY 50","06 Jul 1998","901.00","919.50","900.90","917.35"
"NIFTY 50","03 Jul 1998","920.05","920.05","898.65","900.55"
"NIFTY 50","02 Jul 1998","941.65","941.65","918.10","919.90"
"NIFTY 50","01 Jul 1998","941.60","945.55","916.50","942.25"
"NIFTY 50","30 Jun 1998","949.45","952.75","933.00","941.65"
"NIFTY 50","29 Jun 1998","923.20","951.20","916.65","949.10"
"NIFTY 50","26 Jun 1998","931.80","932.50","914.45","924.35"
"NIFTY 50","25 Jun 1998","908.65","939.15","908.65","932.15"
"NIFTY 50","24 Jun 1998","875.45","910.05","873.60","908.50"
"NIFTY 50","23 Jun 1998","882.20","882.20","853.05","875.60"
"NIFTY 50","22 Jun 1998","912.90","912.90","853.30","880.20"
"NIFTY 50","19 Jun 1998","955.05","955.05","910.55","913.25"
"NIFTY 50","18 Jun 1998","977.00","990.15","952.65","956.15"
"NIFTY 50","17 Jun 1998","910.90","980.30","910.90","976.50"
"NIFTY 50","16 Jun 1998","916.25","916.25","862.15","910.10"
"NIFTY 50","15 Jun 1998","970.95","970.95","914.30","916.80"
"NIFTY 50","12 Jun 1998","961.60","987.30","961.60","971.15"
"NIFTY 50","11 Jun 1998","962.15","964.65","929.95","961.35"
"NIFTY 50","10 Jun 1998","994.55","998.65","959.60","962.90"
"NIFTY 50","09 Jun 1998","968.90","1002.45","964.70","995.05"
"NIFTY 50","08 Jun 1998","993.50","1003.15","936.55","968.60"
"NIFTY 50","05 Jun 1998","1026.60","1026.60","989.20","993.50"
"NIFTY 50","04 Jun 1998","1034.10","1044.40","1023.35","1027.00"
"NIFTY 50","03 Jun 1998","1019.35","1037.30","1009.95","1033.90"
"NIFTY 50","02 Jun 1998","1053.40","1053.65","1016.25","1019.60"
"NIFTY 50","01 Jun 1998","1064.10","1100.00","1049.40","1053.75"
"NIFTY 50","29 May 1998","1075.35","1077.15","1037.95","1063.15"
"NIFTY 50","28 May 1998","1090.50","1097.00","1073.30","1075.55"
"NIFTY 50","27 May 1998","1104.05","1107.20","1089.00","1090.95"
"NIFTY 50","26 May 1998","1123.15","1123.15","1101.55","1104.45"
"NIFTY 50","25 May 1998","1125.90","1127.00","1111.20","1122.95"
"NIFTY 50","22 May 1998","1126.10","1131.25","1118.50","1126.55"
"NIFTY 50","21 May 1998","1141.65","1146.35","1120.35","1126.15"
"NIFTY 50","20 May 1998","1121.70","1142.95","1121.70","1141.30"
"NIFTY 50","19 May 1998","1119.80","1125.15","1116.20","1121.75"
"NIFTY 50","18 May 1998","1110.65","1130.00","1110.65","1119.80"
"NIFTY 50","15 May 1998","1119.15","1130.40","1104.20","1110.10"
"NIFTY 50","14 May 1998","1094.05","1121.75","1081.60","1118.65"
"NIFTY 50","13 May 1998","1132.10","1132.10","1091.25","1094.10"
"NIFTY 50","12 May 1998","1160.15","1160.15","1100.10","1132.25"
"NIFTY 50","11 May 1998","1162.20","1162.95","1156.45","1160.30"
"NIFTY 50","08 May 1998","1172.10","1172.20","1157.30","1161.55"
"NIFTY 50","06 May 1998","1188.00","1196.70","1169.15","1172.45"
"NIFTY 50","05 May 1998","1185.20","1191.25","1177.30","1188.10"
"NIFTY 50","04 May 1998","1159.80","1185.75","1159.80","1185.15"
"NIFTY 50","30 Apr 1998","1151.40","1161.00","1137.80","1159.35"
"NIFTY 50","29 Apr 1998","1151.30","1178.05","1147.00","1151.10"
"NIFTY 50","28 Apr 1998","1164.10","1164.30","1144.55","1146.80"
"NIFTY 50","27 Apr 1998","1173.85","1180.20","1161.20","1164.35"
"NIFTY 50","24 Apr 1998","1182.15","1183.75","1144.85","1173.80"
"NIFTY 50","23 Apr 1998","1210.25","1211.30","1179.75","1182.10"
"NIFTY 50","22 Apr 1998","1212.95","1247.15","1208.00","1210.80"
"NIFTY 50","21 Apr 1998","1207.20","1218.95","1207.20","1212.75"
"NIFTY 50","20 Apr 1998","1210.05","1222.55","1202.20","1207.15"
"NIFTY 50","17 Apr 1998","1197.05","1211.80","1189.75","1210.00"
"NIFTY 50","16 Apr 1998","1206.35","1215.05","1194.50","1197.05"
"NIFTY 50","15 Apr 1998","1159.55","1210.60","1159.55","1206.30"
"NIFTY 50","13 Apr 1998","1191.65","1191.65","1156.85","1159.45"
"NIFTY 50","10 Apr 1998","1209.75","1209.90","1189.45","1192.40"
"NIFTY 50","09 Apr 1998","1189.40","1224.25","1189.40","1209.60"
"NIFTY 50","07 Apr 1998","1187.35","1199.55","1184.00","1187.80"
"NIFTY 50","06 Apr 1998","1173.55","1191.55","1173.55","1187.10"
"NIFTY 50","03 Apr 1998","1157.90","1174.55","1157.30","1173.45"
"NIFTY 50","02 Apr 1998","1150.40","1169.55","1150.40","1157.40"
"NIFTY 50","01 Apr 1998","1117.15","1151.00","1117.15","1150.10"
"NIFTY 50","31 Mar 1998","1124.75","1127.50","1111.85","1116.90"
"NIFTY 50","30 Mar 1998","1140.60","1146.65","1122.95","1124.85"
"NIFTY 50","27 Mar 1998","1129.50","1142.10","1121.20","1140.35"
"NIFTY 50","26 Mar 1998","1147.65","1156.70","1127.30","1129.50"
"NIFTY 50","25 Mar 1998","1121.45","1149.35","1121.45","1146.95"
"NIFTY 50","24 Mar 1998","1124.25","1137.80","1117.35","1120.85"
"NIFTY 50","23 Mar 1998","1110.10","1124.80","1110.10","1124.10"
"NIFTY 50","20 Mar 1998","1105.50","1112.40","1097.75","1109.60"
"NIFTY 50","19 Mar 1998","1103.80","1113.45","1099.80","1105.80"
"NIFTY 50","18 Mar 1998","1083.85","1108.20","1083.85","1103.35"
"NIFTY 50","17 Mar 1998","1090.25","1090.25","1072.70","1083.30"
"NIFTY 50","16 Mar 1998","1077.75","1102.60","1077.75","1090.45"
"NIFTY 50","12 Mar 1998","1083.35","1083.95","1072.40","1077.50"
"NIFTY 50","11 Mar 1998","1086.65","1102.60","1074.55","1083.00"
"NIFTY 50","10 Mar 1998","1099.35","1102.85","1082.70","1086.05"
"NIFTY 50","09 Mar 1998","1081.95","1100.40","1081.95","1099.50"
"NIFTY 50","06 Mar 1998","1083.30","1086.00","1073.25","1081.45"
"NIFTY 50","05 Mar 1998","1091.95","1098.90","1079.95","1083.35"
"NIFTY 50","04 Mar 1998","1062.70","1094.45","1062.70","1092.35"
"NIFTY 50","03 Mar 1998","1099.25","1101.95","1046.75","1063.50"
"NIFTY 50","02 Mar 1998","1060.90","1100.80","1060.90","1098.20"
"NIFTY 50","27 Feb 1998","1045.85","1064.15","1045.75","1060.75"
"NIFTY 50","26 Feb 1998","1036.30","1048.55","1032.40","1045.80"
"NIFTY 50","25 Feb 1998","1014.10","1037.15","1014.10","1036.05"
"NIFTY 50","24 Feb 1998","1009.50","1017.55","1007.40","1014.10"
"NIFTY 50","23 Feb 1998","994.10","1011.70","994.10","1009.60"
"NIFTY 50","20 Feb 1998","997.10","1006.25","991.85","993.65"
"NIFTY 50","19 Feb 1998","988.95","1001.10","988.95","997.55"
"NIFTY 50","18 Feb 1998","992.15","997.80","984.00","988.85"
"NIFTY 50","17 Feb 1998","974.65","1002.15","974.65","991.70"
"NIFTY 50","13 Feb 1998","956.80","978.15","956.80","974.55"
"NIFTY 50","12 Feb 1998","959.05","960.25","949.65","956.65"
"NIFTY 50","11 Feb 1998","964.25","971.75","956.00","958.90"
"NIFTY 50","10 Feb 1998","976.10","976.10","962.00","963.70"
"NIFTY 50","09 Feb 1998","977.55","980.75","973.10","976.10"
"NIFTY 50","06 Feb 1998","976.10","981.20","971.90","977.65"
"NIFTY 50","05 Feb 1998","968.15","980.45","968.15","976.10"
"NIFTY 50","04 Feb 1998","975.90","988.40","965.45","967.95"
"NIFTY 50","03 Feb 1998","977.05","979.55","967.85","975.25"
"NIFTY 50","02 Feb 1998","963.45","978.05","962.25","976.60"
"NIFTY 50","30 Jan 1998","941.40","965.30","941.40","963.45"
"NIFTY 50","29 Jan 1998","944.55","944.55","929.05","941.35"
"NIFTY 50","28 Jan 1998","962.65","969.70","940.10","944.80"
"NIFTY 50","27 Jan 1998","986.90","988.00","959.40","963.30"
"NIFTY 50","23 Jan 1998","992.20","992.45","984.55","986.80"
"NIFTY 50","22 Jan 1998","1012.20","1012.20","990.85","992.35"
"NIFTY 50","21 Jan 1998","1011.60","1017.75","1003.90","1012.40"
"NIFTY 50","20 Jan 1998","1017.25","1029.65","1008.80","1011.45"
"NIFTY 50","19 Jan 1998","998.30","1019.75","992.05","1017.25"
"NIFTY 50","16 Jan 1998","990.05","999.80","987.10","997.80"
"NIFTY 50","15 Jan 1998","997.50","1001.30","975.65","989.65"
"NIFTY 50","14 Jan 1998","999.45","1019.85","990.75","997.55"
"NIFTY 50","13 Jan 1998","995.70","1016.80","995.70","999.10"
"NIFTY 50","12 Jan 1998","1033.20","1033.20","992.50","995.80"
"NIFTY 50","09 Jan 1998","1057.65","1057.65","1028.70","1033.55"
"NIFTY 50","08 Jan 1998","1082.05","1082.05","1054.00","1057.75"
"NIFTY 50","07 Jan 1998","1079.95","1097.30","1071.75","1082.40"
"NIFTY 50","06 Jan 1998","1091.25","1091.25","1074.10","1079.15"
"NIFTY 50","05 Jan 1998","1086.60","1102.15","1086.60","1091.65"
"NIFTY 50","02 Jan 1998","1081.00","1091.30","1081.00","1086.20"
"NIFTY 50","01 Jan 1998","1078.95","1084.50","1074.15","1081.20"